checkpoint,setting,episodes,mean,median,std,min,max,distinct_scores
iter05_sticky5m_s0_1000k,determinista,50,271.8,250.0,95.59686187318076,185.0,465.0,4
iter05_sticky5m_s0_1000k,sticky,50,312.3,310.0,97.73540811804082,140.0,605.0,36
iter05_sticky5m_s0_2000k,determinista,50,508.9,460.0,178.82754262137587,320.0,800.0,4
iter05_sticky5m_s0_2000k,sticky,50,469.2,490.0,127.59451398865079,190.0,720.0,33
iter05_sticky5m_s0_3000k,determinista,50,628.2,575.0,301.2287502878834,385.0,1120.0,4
iter05_sticky5m_s0_3000k,sticky,50,582.0,560.0,116.56757696718243,295.0,920.0,28
iter05_sticky5m_s0_4000k,determinista,50,491.9,605.0,154.10025957148807,245.0,615.0,4
iter05_sticky5m_s0_4000k,sticky,50,426.6,395.0,178.0068538006332,65.0,825.0,41
iter05_sticky5m_s0_5000k,determinista,50,512.1,480.0,121.39229794348569,345.0,695.0,4
iter05_sticky5m_s0_5000k,sticky,50,702.0,605.0,237.9033417167569,325.0,1575.0,35
iter05_sticky5m_s1_1000k,determinista,50,270.0,270.0,0.0,270.0,270.0,1
iter05_sticky5m_s1_1000k,sticky,50,270.0,270.0,0.0,270.0,270.0,1
iter05_sticky5m_s1_2000k,determinista,50,270.0,270.0,0.0,270.0,270.0,1
iter05_sticky5m_s1_2000k,sticky,50,270.0,270.0,0.0,270.0,270.0,1
iter05_sticky5m_s1_3000k,determinista,50,270.0,270.0,0.0,270.0,270.0,1
iter05_sticky5m_s1_3000k,sticky,50,270.0,270.0,0.0,270.0,270.0,1
iter05_sticky5m_s1_4000k,determinista,50,270.0,270.0,0.0,270.0,270.0,1
iter05_sticky5m_s1_4000k,sticky,50,270.0,270.0,0.0,270.0,270.0,1
iter05_sticky5m_s1_5000k,determinista,50,270.0,270.0,0.0,270.0,270.0,1
iter05_sticky5m_s1_5000k,sticky,50,270.0,270.0,0.0,270.0,270.0,1
